"Last Modified","Container Type","Container Description","Track Description","Ignore For Recommendations",Country,"Container Reference","Track Reference","Feature Name","First Event Timestamp","Last End Reason Tyoe","Last Event End Timestamp","Last Event Received Timestamp","Last Event Start Timestamp","Max Event End Position in millis","Max Play Duration in millis","Media duration in millis","Media type","Min Event Start Position in millis","Total plays","Total skips","Total play duration in millis"
2025-04-30T17:51:43.424Z,Playlist,"jim baddie","Doechii & JT - Alter Ego",false,"United States",256007685,1738071720,"library / playlist_detail",2025-04-30T17:51:43.424Z,PLAYBACK_MANUALLY_PAUSED,2025-05-05T16:20:05.152Z,2025-05-05T16:20:05.278Z,2025-05-05T16:19:56.641Z,204094,204094,204094,AUDIO,0,1,0,212605
2025-04-30T17:46:27.845Z,Playlist,"jim baddie","JENNIE & Doechii - ExtraL",false,"United States",256007685,1797383525,"library / playlist_detail",2025-04-30T17:46:27.845Z,"MANUALLY_SELECTED_PLAYBACK_OF_A_DIFF_ITEM",2025-05-05T16:19:55.920Z,2025-05-05T16:19:56.828Z,2025-05-05T16:19:22.101Z,167814,167814,167754,AUDIO,0,2,1,201633
2025-04-30T18:01:39.713Z,Playlist,"jim baddie","Nelly Furtado - Maneater",false,"United States",256007685,1800675817,"library / playlist_detail",2025-04-30T18:01:39.713Z,"MANUALLY_SELECTED_PLAYBACK_OF_A_DIFF_ITEM",2025-05-05T16:19:21.513Z,2025-05-05T16:19:21.758Z,2025-05-05T16:19:18.985Z,110912,109676,265474,AUDIO,0,3,3,114316
2025-04-25T05:43:26.616Z,Playlist,"jim baddie","JENNIE - like JENNIE",false,"United States",256007685,1795979745,"library / playlist_detail",2025-04-25T05:43:26.616Z,NATURAL_END_OF_TRACK,2025-05-05T16:19:18.885Z,2025-05-05T16:19:18.981Z,2025-05-05T16:17:15.367Z,123662,123518,123518,AUDIO,0,3,1,325980
2025-04-30T17:26:00.029Z,Playlist,"jim baddie","LE SSERAFIM - CRAZY",false,"United States",256007685,1763658321,"library / playlist_detail",2025-04-30T17:26:00.029Z,"MANUALLY_SELECTED_PLAYBACK_OF_A_DIFF_ITEM",2025-05-05T16:17:14.346Z,2025-05-05T16:17:14.620Z,2025-05-05T16:15:18.841Z,115505,115505,164554,AUDIO,0,2,2,202496
2025-05-05T16:14:32.068Z,Playlist,"jim baddie","LISA - Rockstar",false,"United States",256007685,1752761265,"library / playlist_detail",2025-05-05T16:14:32.068Z,"MANUALLY_SELECTED_PLAYBACK_OF_A_DIFF_ITEM",2025-05-05T16:15:18.290Z,2025-05-05T16:14:33.060Z,2025-05-05T16:14:32.695Z,46222,46222,138213,AUDIO,0,2,1,46222
2025-05-05T16:13:59.993Z,N/A,N/A,"Kim Petras - 1,2,3 dayz up (feat. SOPHIE)",false,"United States",N/A,1579995656,"search / search_landing / artist_detail",2025-05-05T16:13:59.993Z,"MANUALLY_SELECTED_PLAYBACK_OF_A_DIFF_ITEM",2025-05-05T16:14:31.584Z,2025-05-05T16:14:31.876Z,2025-05-05T16:13:59.993Z,31591,31591,213678,AUDIO,0,1,1,31591
2025-05-05T16:13:45.855Z,N/A,N/A,"SOPHIE - Is It Cold In The Water?",false,"United States",N/A,1709023358,"search / search_landing / artist_detail",2025-05-05T16:13:45.855Z,"MANUALLY_SELECTED_PLAYBACK_OF_A_DIFF_ITEM",2025-05-05T16:13:57.565Z,2025-05-05T16:13:59.740Z,2025-05-05T16:13:45.855Z,11710,11710,212213,AUDIO,0,1,1,11710
2025-05-05T16:12:18.992Z,N/A,N/A,"SOPHIE - Ponyboy",false,"United States",N/A,1709023356,"search / search_landing / artist_detail",2025-05-05T16:12:18.992Z,"MANUALLY_SELECTED_PLAYBACK_OF_A_DIFF_ITEM",2025-05-05T16:13:44.854Z,2025-05-05T16:13:45.526Z,2025-05-05T16:13:42.525Z,38230,38230,194438,AUDIO,0,2,2,40559
2025-05-05T16:13:30.295Z,Album,"SOPHIE - SOPHIE","SOPHIE & Jozzy - RAWWWWWW",false,"United States",1766808387,1766808398,"search / artist_detail / album_detail",2025-05-05T16:13:30.295Z,"MANUALLY_SELECTED_PLAYBACK_OF_A_DIFF_ITEM",2025-05-05T16:13:41.808Z,2025-05-05T16:13:42.047Z,2025-05-05T16:13:30.295Z,11513,11513,173625,AUDIO,0,1,1,11513
2025-05-05T16:13:27.862Z,Album,"SOPHIE - SOPHIE","SOPHIE & Popstar - One More Time",false,"United States",1766808387,1766808693,"search / artist_detail / album_detail",2025-05-05T16:13:27.862Z,TRACK_SKIPPED_FORWARDS,2025-05-05T16:13:29.914Z,2025-05-05T16:13:30.170Z,2025-05-05T16:13:27.862Z,94345,2052,200000,AUDIO,92293,1,1,2052
2025-05-05T16:10:11.540Z,N/A,N/A,"SOPHIE - Immaterial",false,"United States",N/A,1709023790,"search / search_landing / artist_detail",2025-05-05T16:10:11.540Z,"MANUALLY_SELECTED_PLAYBACK_OF_A_DIFF_ITEM",2025-05-05T16:12:18.559Z,2025-05-05T16:12:18.772Z,2025-05-05T16:10:11.540Z,127019,127019,232807,AUDIO,0,1,1,127019
2025-05-03T16:08:32.747Z,Album,"Charli xcx - Brat and it’s completely different but also still brat","Charli xcx - Club classics",false,"United States",1767862943,1767863318,"library / album_detail",2025-05-03T16:08:32.747Z,"MANUALLY_SELECTED_PLAYBACK_OF_A_DIFF_ITEM",2025-05-05T16:10:09.378Z,2025-05-05T16:08:21.197Z,2025-05-05T16:08:21.078Z,153574,153574,153588,AUDIO,0,3,1,263443
2025-05-03T16:06:18.938Z,Album,"Charli xcx - Brat and it’s completely different but also still brat","Charli xcx - 360",false,"United States",1767862943,1767863313,"library / album_detail",2025-05-03T16:06:18.938Z,TRACK_SKIPPED_FORWARDS,2025-05-05T16:08:21.067Z,2025-05-05T16:08:21.197Z,2025-05-05T16:08:17.671Z,133853,133853,133885,AUDIO,0,3,2,140810
2025-05-03T16:03:55.588Z,Album,"Charli xcx - Brat and it’s completely different but also still brat","Charli xcx & Billie Eilish - Guess featuring billie eilish",false,"United States",1767862943,1767863309,"library / album_detail",2025-05-03T16:03:55.588Z,TRACK_SKIPPED_FORWARDS,2025-05-05T16:08:15.443Z,2025-05-05T16:08:11.440Z,2025-05-05T16:08:11.421Z,143378,143378,143380,AUDIO,0,3,1,147495
2025-05-03T16:01:54.711Z,Album,"Charli xcx - Brat and it’s completely different but also still brat","Charli xcx & Shygirl - 365 featuring shygirl",false,"United States",1767862943,1767863308,"library / album_detail",2025-05-03T16:01:54.711Z,NATURAL_END_OF_TRACK,2025-05-05T16:08:11.416Z,2025-05-05T16:08:11.440Z,2025-05-05T16:06:10.143Z,121273,121273,121273,AUDIO,0,2,0,242546
2025-05-05T16:03:55.303Z,Album,"Charli xcx - Brat and it’s completely different but also still brat","Charli xcx - 365",false,"United States",1767862943,1767863877,"library / album_detail",2025-05-05T16:03:55.303Z,"MANUALLY_SELECTED_PLAYBACK_OF_A_DIFF_ITEM",2025-05-05T16:06:09.614Z,2025-05-05T16:06:09.953Z,2025-05-05T16:03:55.303Z,134311,134311,203618,AUDIO,0,1,1,134311
2025-05-05T16:03:51.831Z,Album,"Charli xcx - Brat and it’s completely different but also still brat","Charli xcx - I think about it all the time",false,"United States",1767862943,1767863871,"library / album_detail",2025-05-05T16:03:51.831Z,"MANUALLY_SELECTED_PLAYBACK_OF_A_DIFF_ITEM",2025-05-05T16:03:54.403Z,2025-05-05T16:03:54.663Z,2025-05-05T16:03:51.831Z,2572,2572,135879,AUDIO,0,1,1,2572
2025-05-03T15:43:07.303Z,Album,"Charli xcx - Brat and it’s completely different but also still brat","Charli xcx & Caroline Polachek - Everything is romantic featuring caroline polachek",false,"United States",1767862943,1767862958,"library / album_detail",2025-05-03T15:43:07.303Z,"MANUALLY_SELECTED_PLAYBACK_OF_A_DIFF_ITEM",2025-05-05T16:03:47.079Z,2025-05-05T16:03:47.380Z,2025-05-05T16:03:44.192Z,203993,203993,203945,AUDIO,0,2,1,206880
2025-05-04T15:46:54.888Z,Playlist,"dance party","GloRilla - Yeah Glo!",false,"United States",256005381,1728580901,"library / playlist_detail",2025-05-04T15:46:54.888Z,"MANUALLY_SELECTED_PLAYBACK_OF_A_DIFF_ITEM",2025-05-05T16:03:43.554Z,2025-05-05T16:03:43.877Z,2025-05-05T16:03:39.737Z,3817,3817,142766,AUDIO,0,2,2,4201
2025-05-05T16:03:38.299Z,Playlist,"dance party","Future, Metro Boomin & Kendrick Lamar - Like That",false,"United States",256005381,1737150439,"library / playlist_detail",2025-05-05T16:03:38.299Z,TRACK_SKIPPED_FORWARDS,2025-05-05T16:03:39.243Z,2025-05-05T16:03:39.431Z,2025-05-05T16:03:38.299Z,944,944,267752,AUDIO,0,1,1,944
2025-05-05T16:03:37.135Z,Playlist,"dance party","Rihanna - Don't Stop The Music",false,"United States",256005381,1441154439,"library / playlist_detail",2025-05-05T16:03:37.135Z,TRACK_SKIPPED_FORWARDS,2025-05-05T16:03:37.823Z,2025-05-05T16:03:37.999Z,2025-05-05T16:03:37.135Z,688,688,267130,AUDIO,0,1,1,688
2025-05-03T20:54:11.081Z,Playlist,"dance party","Waka Flocka Flame - No Hands (feat. Roscoe Dash & Wale)",false,"United States",256005381,389062076,"library / playlist_detail",2025-05-03T20:54:11.081Z,TRACK_SKIPPED_FORWARDS,2025-05-05T16:03:36.517Z,2025-05-05T16:03:35.943Z,2025-05-05T16:03:35.905Z,116981,116981,262533,AUDIO,0,3,2,117605
2025-04-30T18:44:35.851Z,Playlist,"dance party","Charli xcx & Billie Eilish - Guess featuring Billie Eilish",false,"United States",256005381,1760420750,"library / playlist_detail",2025-04-30T18:44:35.851Z,TRACK_SKIPPED_FORWARDS,2025-05-05T16:03:35.811Z,2025-05-05T16:03:35.943Z,2025-05-05T16:03:35.021Z,143378,143378,143394,AUDIO,0,4,1,430789
2025-05-05T16:01:16.852Z,Playlist,"dance party","Kesha - TiK ToK",false,"United States",256005381,381237322,"library / playlist_detail",2025-05-05T16:01:16.852Z,TRACK_SKIPPED_FORWARDS,2025-05-05T16:01:17.491Z,2025-05-05T16:01:17.717Z,2025-05-05T16:01:16.852Z,639,639,199602,AUDIO,0,1,1,639
2025-05-05T16:01:15.208Z,Playlist,"dance party","Rihanna - We Found Love (feat. Calvin Harris)",false,"United States",256005381,1443062143,"library / playlist_detail",2025-05-05T16:01:15.208Z,TRACK_SKIPPED_FORWARDS,2025-05-05T16:01:16.357Z,2025-05-05T16:01:16.331Z,2025-05-05T16:01:16.299Z,1149,1149,215274,AUDIO,0,2,1,1149
2025-04-28T21:47:11.414Z,Playlist,"dance party","David Guetta - Sexy Bitch (feat. Akon)",false,"United States",256005381,693246512,"library / playlist_detail",2025-04-28T21:47:11.414Z,TRACK_SKIPPED_FORWARDS,2025-05-05T16:01:16.093Z,2025-05-05T16:01:16.331Z,2025-05-05T15:58:30.099Z,195853,195853,195853,AUDIO,0,2,1,361847
2025-04-30T01:44:50.844Z,Playlist,"dance party","Liam Payne - Strip That Down (feat. Quavo)",false,"United States",256005381,1445039161,"library / playlist_detail",2025-04-30T01:44:50.844Z,TRACK_SKIPPED_FORWARDS,2025-05-05T15:58:28.074Z,2025-05-05T15:58:28.265Z,2025-05-05T15:58:27.392Z,204550,204502,204388,AUDIO,0,5,2,636394
2025-05-05T15:58:25.956Z,Playlist,"dance party","Timbaland - Give It to Me (feat. Justin Timberlake & Nelly Furtado)",false,"United States",256005381,1440748877,"library / playlist_detail",2025-05-05T15:58:25.956Z,TRACK_SKIPPED_FORWARDS,2025-05-05T15:58:26.906Z,2025-05-05T15:58:27.072Z,2025-05-05T15:58:25.956Z,950,950,234074,AUDIO,0,1,1,950
2025-04-30T17:27:32.327Z,Playlist,"dance party","Timbaland - The Way I Are (feat. Keri Hilson & D.O.E.)",false,"United States",256005381,1440748894,"library / playlist_detail",2025-04-30T17:27:32.327Z,TRACK_SKIPPED_FORWARDS,2025-05-05T15:58:25.405Z,2025-05-05T15:58:25.625Z,2025-05-05T15:58:23.963Z,179194,179194,179147,AUDIO,0,3,1,359783
2025-04-27T02:18:23.859Z,Playlist,"husbands❤️ ","Justin Bieber - Beauty and a Beat (feat. Nicki Minaj)",false,"United States",256005641,1440650961,"library / playlist_detail",2025-04-27T02:18:23.859Z,"MANUALLY_SELECTED_PLAYBACK_OF_A_DIFF_ITEM",2025-05-05T15:58:23.333Z,2025-05-05T15:58:23.627Z,2025-05-05T15:56:58.078Z,228048,228048,228048,AUDIO,0,3,2,359291
2025-04-28T20:09:26.963Z,Playlist,"husbands❤️ ","DJ Khaled - No Brainer (feat. Justin Bieber, Chance the Rapper & Quavo)",false,"United States",256005641,1418026017,"library / playlist_detail",2025-04-28T20:09:26.963Z,NATURAL_END_OF_TRACK,2025-05-05T15:56:57.947Z,2025-05-05T15:56:58.054Z,2025-05-05T15:54:55.853Z,260000,150744,260000,AUDIO,0,2,0,581159
2025-04-28T14:52:29.518Z,Playlist,"husbands❤️ ","Dominic Fike - Bodies",false,"United States",256005641,1694067440,"library / playlist_detail",2025-04-28T14:52:29.518Z,NATURAL_END_OF_TRACK,2025-05-05T14:59:11.200Z,2025-05-05T14:59:11.291Z,2025-05-05T14:57:06.696Z,124504,124504,124552,AUDIO,0,2,0,249008
2025-04-27T02:08:11.368Z,Playlist,"husbands❤️ ","Omar Apollo, Dominic Fike & Kenny Beats - Hit Me Up",false,"United States",256005641,1484691677,"library / playlist_detail",2025-04-27T02:08:11.368Z,TRACK_SKIPPED_FORWARDS,2025-05-05T14:57:05.870Z,2025-05-05T14:57:03.601Z,2025-05-05T14:57:03.173Z,2955,2955,160000,AUDIO,0,5,4,6863
2025-04-27T17:55:38.134Z,Playlist,"husbands❤️ ","Dominic Fike - coast2coast",false,"United States",256005641,1744185846,"library / playlist_detail",2025-04-27T17:55:38.134Z,NATURAL_END_OF_TRACK,2025-05-05T14:57:03.361Z,2025-05-05T14:57:03.394Z,2025-05-05T14:56:49.719Z,65092,65091,65091,AUDIO,0,2,0,130183
2025-04-28T14:45:46.815Z,Playlist,"husbands❤️ ","Justin Bieber - Yummy (Country Remix) [feat. Florida Georgia Line]",false,"United States",256005641,1499155588,"library / playlist_detail",2025-04-28T14:45:46.815Z,TRACK_SKIPPED_FORWARDS,2025-05-05T14:53:12.766Z,2025-05-05T14:53:12.917Z,2025-05-05T14:53:12.264Z,203762,203762,203762,AUDIO,0,3,2,205253
2025-05-04T00:02:40.063Z,Playlist,"husbands❤️ ","Dominic Fike - Vampire",false,"United States",256005641,1521345529,"library / playlist_detail",2025-05-04T00:02:40.063Z,TRACK_SKIPPED_FORWARDS,2025-05-05T14:53:11.959Z,2025-05-05T14:53:12.188Z,2025-05-05T14:53:04.331Z,186050,186050,186050,AUDIO,0,2,1,193678
2025-05-05T14:53:03.209Z,Playlist,"husbands❤️ ","Dominic Fike - Babydoll",false,"United States",256005641,1494066120,"library / playlist_detail",2025-05-05T14:53:03.209Z,TRACK_SKIPPED_FORWARDS,2025-05-05T14:53:03.568Z,2025-05-05T14:53:03.768Z,2025-05-05T14:53:03.209Z,359,359,97960,AUDIO,0,1,1,359
2025-04-27T18:02:20.140Z,Playlist,"husbands❤️ ","Justin Bieber - Die For You (feat. Dominic Fike)",false,"United States",256005641,1561058471,"library / playlist_detail",2025-04-27T18:02:20.140Z,TRACK_SKIPPED_FORWARDS,2025-05-05T14:53:02.721Z,2025-05-05T14:53:02.888Z,2025-05-05T14:53:00.585Z,30402,30402,201758,AUDIO,0,3,3,34002
2025-05-02T17:35:17.553Z,Playlist,"husbands❤️ ","Dominic Fike - Double Negative (Skeleton Milkshake)",false,"United States",256005641,1521345124,"library / playlist_detail",2025-05-02T17:35:17.553Z,NATURAL_END_OF_TRACK,2025-05-05T14:53:00.572Z,2025-05-05T14:53:00.691Z,2025-05-05T14:50:54.107Z,126465,126465,126465,AUDIO,0,3,1,297165
2025-04-27T02:12:55.260Z,Playlist,"husbands❤️ ","Dominic Fike - Babydoll",false,"United States",256005641,1438243880,"library / playlist_detail",2025-04-27T02:12:55.260Z,TRACK_SKIPPED_FORWARDS,2025-05-05T14:50:52.982Z,2025-05-05T14:50:53.170Z,2025-05-05T14:50:52.683Z,52655,52655,97960,AUDIO,0,3,3,55817
2025-05-04T00:09:33.970Z,Playlist,"husbands❤️ ","Justin Bieber - Love Yourself",false,"United States",256005641,1440829613,"library / playlist_detail",2025-05-04T00:09:33.970Z,TRACK_SKIPPED_FORWARDS,2025-05-05T14:50:52.165Z,2025-05-05T14:50:52.360Z,2025-05-05T14:50:51.729Z,233719,232626,232626,AUDIO,0,2,1,233062
2025-04-27T02:13:55.851Z,Playlist,"husbands❤️ ","The Kid LAROI & Justin Bieber - STAY",false,"United States",256005641,1574378625,"library / playlist_detail",2025-04-27T02:13:55.851Z,TRACK_SKIPPED_FORWARDS,2025-05-05T14:50:51.275Z,2025-05-05T14:50:51.404Z,2025-05-05T14:50:50.788Z,141806,141806,141869,AUDIO,0,3,2,142889
2025-05-05T14:50:39.502Z,Playlist,"husbands❤️ ","Dominic Fike - She Wants My Money",false,"United States",256005641,1494065966,"library / playlist_detail",2025-05-05T14:50:39.502Z,TRACK_SKIPPED_FORWARDS,2025-05-05T14:50:50.165Z,2025-05-05T14:50:50.445Z,2025-05-05T14:50:39.502Z,10663,10663,133560,AUDIO,0,1,1,10663
2025-05-04T00:29:32.699Z,Playlist,"husbands❤️ ","Justin Bieber - Company",false,"United States",256005641,1440829617,"library / playlist_detail",2025-05-04T00:29:32.699Z,TRACK_SKIPPED_FORWARDS,2025-05-05T14:50:39.065Z,2025-05-05T14:50:39.212Z,2025-05-05T14:50:38.694Z,1473,1473,208175,AUDIO,0,2,2,1844
2025-05-02T17:34:17.206Z,Playlist,"husbands❤️ ","Luis Fonsi & Daddy Yankee - Despacito (feat. Justin Bieber) [Remix]",false,"United States",256005641,1447401626,"library / playlist_detail",2025-05-02T17:34:17.206Z,TRACK_SKIPPED_FORWARDS,2025-05-05T14:50:38.192Z,2025-05-05T14:50:38.319Z,2025-05-05T14:50:37.799Z,550,550,230482,AUDIO,0,2,2,943
2025-04-27T17:56:43.636Z,Playlist,"husbands❤️ ","Justin Bieber - Baby (feat. Ludacris)",false,"United States",256005641,1440661545,"library / playlist_detail",2025-04-27T17:56:43.636Z,TRACK_SKIPPED_FORWARDS,2025-05-05T14:50:37.407Z,2025-05-05T14:50:37.540Z,2025-05-05T14:50:37.100Z,179226,179226,214304,AUDIO,0,3,3,180066
2025-05-04T00:16:47.602Z,Playlist,"husbands❤️ ","Justin Bieber - All Around Me",false,"United States",256005641,1496639185,"library / playlist_detail",2025-05-04T00:16:47.602Z,TRACK_SKIPPED_FORWARDS,2025-05-05T14:50:36.560Z,2025-05-05T14:50:36.736Z,2025-05-05T14:50:36.354Z,136956,136956,136970,AUDIO,0,2,1,137162
2025-04-27T02:27:45.797Z,Playlist,"husbands❤️ ","Justin Bieber - Sorry",false,"United States",256005641,1440829610,"library / playlist_detail",2025-04-27T02:27:45.797Z,TRACK_SKIPPED_FORWARDS,2025-05-05T14:50:35.917Z,2025-05-05T14:50:36.053Z,2025-05-05T14:48:59.877Z,200790,200790,200837,AUDIO,0,3,1,497623
2025-05-02T17:36:04.649Z,Playlist,"husbands❤️ ","Justin Bieber - Intentions (feat. Quavo)",false,"United States",256005641,1496639586,"library / playlist_detail",2025-05-02T17:36:04.649Z,TRACK_SKIPPED_FORWARDS,2025-05-05T14:48:59.382Z,2025-05-05T14:48:59.567Z,2025-05-05T14:48:58.607Z,1472,1472,212922,AUDIO,0,3,3,2709
2025-04-20T23:26:41.523Z,Playlist,"husbands❤️ ","Brent Faiyaz, Tommy Richman & FELIX! - Upset",false,"United States",256005641,1710673745,"library / playlist_detail",2025-04-20T23:26:41.523Z,TRACK_SKIPPED_FORWARDS,2025-05-05T14:48:58.112Z,2025-05-05T14:48:58.294Z,2025-05-05T14:48:57.632Z,177900,177900,177948,AUDIO,0,8,6,577635
2025-05-05T14:48:56.736Z,Playlist,"husbands❤️ ","Dominic Fike - 3 Nights",false,"United States",256005641,1494065957,"library / playlist_detail",2025-05-05T14:48:56.736Z,TRACK_SKIPPED_FORWARDS,2025-05-05T14:48:57.131Z,2025-05-05T14:48:57.348Z,2025-05-05T14:48:56.736Z,395,395,177666,AUDIO,0,1,1,395
2025-05-02T17:34:18.298Z,Playlist,"husbands❤️ ","Justin Bieber - Available",false,"United States",256005641,1496639601,"library / playlist_detail",2025-05-02T17:34:18.298Z,TRACK_SKIPPED_FORWARDS,2025-05-05T14:48:56.246Z,2025-05-05T14:48:56.388Z,2025-05-05T14:47:58.019Z,58227,58227,195389,AUDIO,0,3,3,110136
2025-04-27T02:09:46.760Z,Playlist,"husbands❤️ ","Dominic Fike & Kenny Beats - Phone Numbers",false,"United States",256005641,1471407345,"library / playlist_detail",2025-04-27T02:09:46.760Z,TRACK_SKIPPED_FORWARDS,2025-05-05T14:47:57.367Z,2025-05-05T14:47:57.605Z,2025-05-05T14:47:56.909Z,146827,146827,146826,AUDIO,0,3,1,294112
2025-04-27T18:05:51.377Z,Playlist,"husbands❤️ ","Dominic Fike - Chicken Tenders",false,"United States",256005641,1521345525,"library / playlist_detail",2025-04-27T18:05:51.377Z,TRACK_SKIPPED_FORWARDS,2025-05-05T14:47:56.580Z,2025-05-05T14:47:56.765Z,2025-05-05T14:47:43.722Z,58799,12858,170405,AUDIO,0,2,2,13437
2025-04-28T20:08:36.769Z,Playlist,"husbands❤️ ","Justin Bieber - Come Around Me",false,"United States",256005641,1496639193,"library / playlist_detail",2025-04-28T20:08:36.769Z,NATURAL_END_OF_TRACK,2025-05-05T14:47:27.929Z,2025-05-05T14:44:29.083Z,2025-05-05T14:44:29.058Z,200823,200823,200824,AUDIO,0,4,1,447604
2025-05-02T17:36:16.764Z,Playlist,"husbands❤️ ","Justin Bieber - Running Over (feat. Lil Dicky)",false,"United States",256005641,1496639606,"library / playlist_detail",2025-05-02T17:36:16.764Z,NATURAL_END_OF_TRACK,2025-05-05T14:44:29.049Z,2025-05-05T14:44:29.083Z,2025-05-05T14:41:29.376Z,179673,179673,179673,AUDIO,0,2,1,241989
2025-04-27T02:22:11.452Z,Playlist,"husbands❤️ ","Justin Bieber - Get Me (feat. Kehlani)",false,"United States",256005641,1496639768,"library / playlist_detail",2025-04-27T02:22:11.452Z,NATURAL_END_OF_TRACK,2025-05-05T14:41:07.757Z,2025-05-05T14:41:07.914Z,2025-05-05T14:38:02.291Z,185466,185466,185472,AUDIO,0,3,2,301869
2025-05-02T17:36:10.772Z,Playlist,"husbands❤️ ","Dominic Fike - How Much Is Weed?",false,"United States",256005641,1694067272,"library / playlist_detail",2025-05-02T17:36:10.772Z,NATURAL_END_OF_TRACK,2025-05-05T14:38:02.193Z,2025-05-05T14:38:02.506Z,2025-05-05T14:36:24.140Z,125103,125103,125055,AUDIO,0,3,1,250872
2025-05-03T23:55:12.083Z,Playlist,"husbands❤️ ","Justin Bieber - Love You Different (feat. Beam)",false,"United States",256005641,1561058760,"library / playlist_detail",2025-05-03T23:55:12.083Z,NATURAL_END_OF_TRACK,2025-05-05T13:57:51.458Z,2025-05-05T13:57:51.491Z,2025-05-05T13:54:44.762Z,186696,186696,189454,AUDIO,0,2,0,373392
2025-04-27T17:59:45.883Z,Playlist,"husbands❤️ ","Tommy Richman - MILLION DOLLAR BABY",false,"United States",256005641,1749616863,"library / playlist_detail",2025-04-27T17:59:45.883Z,TRACK_SKIPPED_FORWARDS,2025-05-05T13:54:43.544Z,2025-05-05T13:54:43.733Z,2025-05-05T13:54:42.281Z,155152,155152,155215,AUDIO,0,3,1,311567
2025-05-04T00:29:41.772Z,Playlist,"husbands❤️ ","Justin Bieber - Boyfriend",false,"United States",256005641,1440650857,"library / playlist_detail",2025-05-04T00:29:41.772Z,TRACK_SKIPPED_FORWARDS,2025-05-05T13:54:41.817Z,2025-05-05T13:54:42.058Z,2025-05-05T13:54:41.307Z,13378,13378,171368,AUDIO,0,2,2,13888
2025-05-02T17:36:11.986Z,Playlist,"husbands❤️ ","Pharrell Williams, Swae Lee & Rauw Alejandro - Airplane Tickets",false,"United States",256005641,1719223221,"library / playlist_detail",2025-05-02T17:36:11.986Z,TRACK_SKIPPED_FORWARDS,2025-05-05T13:54:40.679Z,2025-05-05T13:54:40.924Z,2025-05-05T13:54:39.800Z,879,879,198514,AUDIO,0,2,2,1385
2025-04-27T17:59:42.935Z,Album,"Bad Bunny - DeBÍ TiRAR MáS FOToS","Bad Bunny - DtMF",false,"United States",1787022393,1787023936,"library / playlist_detail",2025-04-27T17:59:42.935Z,TRACK_SKIPPED_FORWARDS,2025-05-05T13:54:39.384Z,2025-05-05T13:54:39.678Z,2025-05-05T13:54:39.637Z,237117,237117,237165,AUDIO,0,4,2,239166
2025-04-27T18:02:54.870Z,Album,"Bad Bunny - DeBÍ TiRAR MáS FOToS","Bad Bunny & Chuwi - WELTiTA",false,"United States",1787022393,1787022993,"library / playlist_detail",2025-04-27T18:02:54.870Z,NATURAL_END_OF_TRACK,2025-05-05T13:54:39.632Z,2025-05-05T13:51:32.155Z,2025-05-05T13:51:32.120Z,187554,187554,187554,AUDIO,0,5,3,458076
2025-04-27T02:16:17.444Z,Playlist,"husbands❤️ ","Dominic Fike - Ant Pile",false,"United States",256005641,1694067277,"library / playlist_detail",2025-04-27T02:16:17.444Z,NATURAL_END_OF_TRACK,2025-05-05T13:51:32.115Z,2025-05-05T13:51:32.155Z,2025-05-05T13:49:25.883Z,126299,126299,126299,AUDIO,0,3,1,256159
2025-04-27T18:05:52.489Z,Playlist,"husbands❤️ ","Justin Bieber - Confident (feat. Chance The Rapper)",false,"United States",256005641,1440861880,"library / playlist_detail",2025-04-27T18:05:52.489Z,TRACK_SKIPPED_FORWARDS,2025-05-05T13:49:25.125Z,2025-05-05T13:49:25.402Z,2025-05-05T13:49:24.702Z,487,487,247736,AUDIO,0,2,2,910
2025-04-22T16:36:38.286Z,Album,"Bad Bunny - DeBÍ TiRAR MáS FOToS","Bad Bunny - NUEVAYoL",false,"United States",1787022393,1787022572,"library / playlist_detail",2025-04-22T16:36:38.286Z,TRACK_SKIPPED_FORWARDS,2025-05-05T13:49:24.090Z,2025-05-05T13:49:24.315Z,2025-05-05T13:49:16.114Z,183700,183700,183749,AUDIO,0,10,7,567983
2025-04-27T18:02:53.225Z,Playlist,"husbands❤️ ","Justin Bieber - Ghost",false,"United States",256005641,1561058740,"library / playlist_detail",2025-04-27T18:02:53.225Z,TRACK_SKIPPED_FORWARDS,2025-05-05T13:49:15.598Z,2025-05-05T13:49:15.770Z,2025-05-05T13:49:14.416Z,1182,1182,157345,AUDIO,0,2,2,2121
2025-05-04T00:29:34.754Z,Playlist,"husbands❤️ ","Rauw Alejandro & Pharrell Williams - Committed",false,"United States",256005641,1775462859,"library / playlist_detail",2025-05-04T00:29:34.754Z,TRACK_SKIPPED_FORWARDS,2025-05-05T13:49:13.931Z,2025-05-05T13:49:14.109Z,2025-05-05T13:49:13.497Z,5331,5331,159391,AUDIO,0,2,2,5765
2025-04-28T14:58:00.288Z,Playlist,"husbands❤️ ","Justin Bieber - Forever (feat. Post Malone & Clever)",false,"United States",256005641,1496639603,"library / playlist_detail",2025-04-28T14:58:00.288Z,TRACK_SKIPPED_FORWARDS,2025-05-05T13:49:12.951Z,2025-05-05T13:49:13.141Z,2025-05-05T13:49:12.261Z,219983,219973,219973,AUDIO,0,3,1,440599
2025-04-27T02:09:44.304Z,Playlist,"husbands❤️ ","Dominic Fike - 3 Nights",false,"United States",256005641,1438243871,"library / playlist_detail",2025-04-27T02:09:44.304Z,TRACK_SKIPPED_FORWARDS,2025-05-05T13:49:11.703Z,2025-05-05T13:49:11.999Z,2025-05-05T13:47:15.434Z,116269,116269,177667,AUDIO,0,3,3,118602
2025-05-05T13:47:08.196Z,Playlist,BTR,"Big Time Rush - Paralyzed",false,"United States",256004873,1653000837,"library / playlist_detail",2025-05-05T13:47:08.196Z,"MANUALLY_SELECTED_PLAYBACK_OF_A_DIFF_ITEM",2025-05-05T13:47:14.787Z,2025-05-05T13:47:15.081Z,2025-05-05T13:47:08.196Z,6591,6591,184473,AUDIO,0,1,1,6591
2025-05-05T13:47:07.341Z,Playlist,BTR,"Big Time Rush - Stuck",false,"United States",256004873,395957108,"library / playlist_detail",2025-05-05T13:47:07.341Z,TRACK_SKIPPED_FORWARDS,2025-05-05T13:47:07.615Z,2025-05-05T13:47:07.865Z,2025-05-05T13:47:07.341Z,274,274,185213,AUDIO,0,1,1,274
2025-05-05T13:46:16.860Z,Playlist,BTR,"Big Time Rush - I Just Want To (Party All the Time)",false,"United States",256004873,1712156168,"library / playlist_detail",2025-05-05T13:46:16.860Z,TRACK_SKIPPED_FORWARDS,2025-05-05T13:47:06.851Z,2025-05-05T13:47:07.018Z,2025-05-05T13:46:16.860Z,49991,49991,170960,AUDIO,0,1,1,49991
2025-05-05T13:39:48.753Z,Playlist,BTR,"Big Time Rush - City Is Ours",false,"United States",256004873,395957044,"library / playlist_detail",2025-05-05T13:39:48.753Z,NATURAL_END_OF_TRACK,2025-05-05T13:46:16.491Z,2025-05-05T13:44:58.750Z,2025-05-05T13:44:58.687Z,192520,113805,192520,AUDIO,0,2,0,192520
2025-05-05T13:36:18.958Z,Playlist,BTR,"Big Time Rush - Count On You (feat. Jordin Sparks)",false,"United States",256004873,395957098,"library / playlist_detail",2025-05-05T13:36:18.958Z,NATURAL_END_OF_TRACK,2025-05-05T13:39:48.891Z,2025-05-05T13:36:19.324Z,2025-05-05T13:36:19.305Z,209933,209933,209933,AUDIO,0,2,0,209933
2025-05-05T13:32:16.316Z,Playlist,BTR,"Big Time Rush - Confetti Falling",false,"United States",256004873,640358194,"library / playlist_detail",2025-05-05T13:32:16.316Z,NATURAL_END_OF_TRACK,2025-05-05T13:36:19.289Z,2025-05-05T13:36:19.324Z,2025-05-05T13:32:16.316Z,242973,242973,242973,AUDIO,0,1,0,242973
2025-05-05T02:15:01.490Z,N/A,N/A,"Drake - Nice For What",false,"United States",N/A,1418213383,"search / search_landing",2025-05-05T02:15:01.490Z,EXITED_APPLICATION,2025-05-05T02:15:10.886Z,2025-05-05T02:15:10.902Z,2025-05-05T02:15:01.490Z,9396,9396,210747,AUDIO,0,1,0,9396
2025-04-28T01:13:38.524Z,Playlist,"jim baddie","GloRilla & Megan Thee Stallion - Wanna Be",false,"United States",256007685,1737095451,"library / playlist_detail",2025-04-28T01:13:38.524Z,PLAYBACK_MANUALLY_PAUSED,2025-05-04T15:52:11.938Z,2025-05-04T15:52:11.977Z,2025-05-04T15:52:05.464Z,156598,156414,156495,AUDIO,0,2,1,172044
2025-04-30T17:58:54.313Z,Playlist,"jim baddie","Flo Milli - Never Lose Me (feat. SZA & Cardi B)",false,"United States",256007685,1735574610,"library / playlist_detail",2025-04-30T17:58:54.313Z,NATURAL_END_OF_TRACK,2025-05-04T15:52:05.470Z,2025-05-04T15:52:05.526Z,2025-05-04T15:49:19.672Z,165798,165798,165798,AUDIO,0,2,0,331596
2025-05-04T15:46:59.854Z,Playlist,"jim baddie","Saweetie - Tap In",false,"United States",256007685,1512258405,"library / playlist_detail",2025-05-04T15:46:59.854Z,NATURAL_END_OF_TRACK,2025-05-04T15:49:19.267Z,2025-05-04T15:49:19.312Z,2025-05-04T15:46:59.854Z,139413,139413,139477,AUDIO,0,1,0,139413
2025-04-30T17:27:27.526Z,Playlist,"jim baddie","Summer Walker, JT & City Girls - Ex For A Reason",false,"United States",256007685,1590029284,"library / playlist_detail",2025-04-30T17:27:27.526Z,TRACK_SKIPPED_FORWARDS,2025-05-04T15:46:58.811Z,2025-05-04T15:46:59.035Z,2025-05-04T15:46:58.330Z,481,481,226711,AUDIO,0,2,2,865
2025-04-30T17:27:30.767Z,Playlist,"jim baddie","Nicki Minaj - FTCU",false,"United States",256007685,1720307420,"library / playlist_detail",2025-04-30T17:27:30.767Z,TRACK_SKIPPED_FORWARDS,2025-05-04T15:46:57.848Z,2025-05-04T15:46:58.055Z,2025-05-04T15:46:57.141Z,1336,1336,172418,AUDIO,0,3,3,2605
2025-05-04T15:46:55.754Z,Playlist,"jim baddie","Camila Cabello & Playboi Carti - I LUV IT",false,"United States",256007685,1765230825,"library / playlist_detail",2025-05-04T15:46:55.754Z,TRACK_SKIPPED_FORWARDS,2025-05-04T15:46:56.596Z,2025-05-04T15:46:56.849Z,2025-05-04T15:46:55.754Z,842,842,174939,AUDIO,0,1,1,842
2025-04-30T17:32:25.940Z,Playlist,"jim baddie","Doja Cat - Vegas (From the Original Motion Picture Soundtrack ELVIS)",false,"United States",256007685,1622065027,"library / playlist_detail",2025-04-30T17:32:25.940Z,TRACK_SKIPPED_FORWARDS,2025-05-04T15:46:54.367Z,2025-05-04T15:46:54.561Z,2025-05-04T15:46:53.105Z,1622,1622,182970,AUDIO,0,2,2,2884
2025-04-28T01:27:29.016Z,Playlist,"jim baddie","Nicki Minaj - Red Ruby Da Sleeze",false,"United States",256007685,1725588470,"library / playlist_detail",2025-04-28T01:27:29.016Z,TRACK_SKIPPED_FORWARDS,2025-05-04T15:46:53.010Z,2025-05-04T15:46:53.214Z,2025-05-04T15:44:43.374Z,214621,214508,214508,AUDIO,0,3,1,558637
2025-05-04T15:44:40.202Z,Playlist,"jim baddie","Bhad Bhabie - Bestie (feat. Kodak Black)",false,"United States",256007685,1449620644,"library / playlist_detail",2025-05-04T15:44:40.202Z,TRACK_SKIPPED_FORWARDS,2025-05-04T15:44:40.967Z,2025-05-04T15:44:41.196Z,2025-05-04T15:44:40.202Z,765,765,140491,AUDIO,0,1,1,765
2025-04-30T17:27:29.776Z,Playlist,"jim baddie","Nelly Furtado - Promiscuous (feat. Timbaland)",false,"United States",256007685,1442463848,"library / playlist_detail",2025-04-30T17:27:29.776Z,TRACK_SKIPPED_FORWARDS,2025-05-04T15:44:39.698Z,2025-05-04T15:44:39.860Z,2025-05-04T15:44:39.238Z,482,482,242350,AUDIO,0,2,2,942
2025-05-04T15:44:38.118Z,Playlist,"jim baddie","Doechii - BOOM BAP",false,"United States",256007685,1762965900,"library / playlist_detail",2025-05-04T15:44:38.118Z,TRACK_SKIPPED_FORWARDS,2025-05-04T15:44:38.817Z,2025-05-04T15:44:38.931Z,2025-05-04T15:44:38.118Z,699,699,134586,AUDIO,0,1,1,699
2025-05-04T15:44:36.029Z,Playlist,"jim baddie","Shakira - Chantaje (feat. Maluma)",false,"United States",256007685,1234665569,"library / playlist_detail",2025-05-04T15:44:36.029Z,TRACK_SKIPPED_FORWARDS,2025-05-04T15:44:37.648Z,2025-05-04T15:44:37.818Z,2025-05-04T15:44:36.029Z,1619,1619,195840,AUDIO,0,1,1,1619
2025-05-04T15:44:26.296Z,"Radio Station","Tate McRae - So Close To What Radio","Gracie Abrams - That’s So True",false,"United States",ra.cp-1779319620,1773474483,now_playing,2025-05-04T15:44:26.296Z,"MANUALLY_SELECTED_PLAYBACK_OF_A_DIFF_ITEM",2025-05-04T15:44:35.359Z,2025-05-04T15:44:35.648Z,2025-05-04T15:44:26.296Z,9063,9063,166300,AUDIO,0,1,1,9063
2025-05-04T15:44:24.683Z,"Radio Station","Tate McRae - So Close To What Radio","PARTYNEXTDOOR - Break from Toronto",false,"United States",ra.cp-1779319620,1662160914,now_playing,2025-05-04T15:44:24.683Z,TRACK_SKIPPED_FORWARDS,2025-05-04T15:44:25.256Z,2025-05-04T15:44:25.957Z,2025-05-04T15:44:24.683Z,573,573,99213,AUDIO,0,1,1,573
2025-05-04T15:44:23.521Z,"Radio Station","Tate McRae - So Close To What Radio","Bebe Rexha - I'm a Mess",false,"United States",ra.cp-1779319620,1370924883,now_playing,2025-05-04T15:44:23.521Z,TRACK_SKIPPED_FORWARDS,2025-05-04T15:44:23.770Z,2025-05-04T15:44:24.356Z,2025-05-04T15:44:23.521Z,249,249,195562,AUDIO,0,1,1,249
2025-05-04T15:44:15.885Z,"Radio Station","Tate McRae - So Close To What Radio","Sabrina Carpenter - Feather",false,"United States",ra.cp-1779319620,1676555853,now_playing,2025-05-04T15:44:15.885Z,TRACK_SKIPPED_FORWARDS,2025-05-04T15:44:22.657Z,2025-05-04T15:44:23.204Z,2025-05-04T15:44:15.885Z,6772,6772,185600,AUDIO,0,1,1,6772
2025-05-04T15:44:14.723Z,"Radio Station","Tate McRae - So Close To What Radio","Ariana Grande - 7 rings",false,"United States",ra.cp-1779319620,1544323619,now_playing,2025-05-04T15:44:14.723Z,TRACK_SKIPPED_FORWARDS,2025-05-04T15:44:15.413Z,2025-05-04T15:44:15.563Z,2025-05-04T15:44:14.723Z,690,690,178631,AUDIO,0,1,1,690
2025-05-04T15:44:13.926Z,"Radio Station","Tate McRae - So Close To What Radio","Doja Cat - Need To Know",false,"United States",ra.cp-1779319620,1574004239,now_playing,2025-05-04T15:44:13.926Z,TRACK_SKIPPED_FORWARDS,2025-05-04T15:44:14.263Z,2025-05-04T15:44:14.410Z,2025-05-04T15:44:13.926Z,337,337,210560,AUDIO,0,1,1,337
2025-05-04T15:44:12.939Z,"Radio Station","Tate McRae - So Close To What Radio","Olivia Rodrigo - favorite crime",false,"United States",ra.cp-1779319620,1582277657,now_playing,2025-05-04T15:44:12.939Z,TRACK_SKIPPED_FORWARDS,2025-05-04T15:44:13.165Z,2025-05-04T15:44:13.615Z,2025-05-04T15:44:12.939Z,226,226,153127,AUDIO,0,1,1,226
2025-05-04T15:44:09.273Z,"Radio Station","Tate McRae - So Close To What Radio","SZA - I Hate U",false,"United States",ra.cp-1779319620,1794645215,now_playing,2025-05-04T15:44:09.273Z,TRACK_SKIPPED_FORWARDS,2025-05-04T15:44:12.088Z,2025-05-04T15:44:12.611Z,2025-05-04T15:44:09.273Z,2815,2815,173958,AUDIO,0,1,1,2815
2025-04-25T05:51:08.280Z,Album,"Tate McRae - So Close To What","Tate McRae - 2 hands",false,"United States",1779319620,1779319625,"library / album_detail",2025-04-25T05:51:08.280Z,SCRUB_BEGIN,2025-05-04T15:41:06.909Z,2025-05-04T15:44:09.244Z,2025-05-04T15:41:04.759Z,182740,182740,182740,AUDIO,0,6,0,1207100
2025-05-02T17:57:37.187Z,Album,"Tate McRae - So Close To What","Tate McRae - Like I do",false,"United States",1779319620,1779319851,"library / album_detail",2025-05-02T17:57:37.187Z,NATURAL_END_OF_TRACK,2025-05-04T06:57:32.630Z,2025-05-04T06:57:32.659Z,2025-05-04T06:54:30.525Z,182105,182105,182105,AUDIO,0,4,0,728420
2025-05-02T17:45:55.054Z,Album,"Tate McRae - So Close To What","Tate McRae - Purple lace bra",false,"United States",1779319620,1779319630,"library / album_detail",2025-05-02T17:45:55.054Z,NATURAL_END_OF_TRACK,2025-05-04T06:54:30.576Z,2025-05-04T06:54:30.614Z,2025-05-04T06:51:19.400Z,191176,191176,191179,AUDIO,0,4,0,764704
2025-05-02T17:52:07.172Z,Album,"Tate McRae - So Close To What","Tate McRae - Signs",false,"United States",1779319620,1779319637,"library / album_detail",2025-05-02T17:52:07.172Z,NATURAL_END_OF_TRACK,2025-05-04T06:51:19.435Z,2025-05-04T06:51:19.465Z,2025-05-04T06:48:25.626Z,173809,173809,173826,AUDIO,0,5,1,695865
2025-05-02T18:00:39.373Z,Album,"Tate McRae - So Close To What","Tate McRae - It's ok I'm ok",false,"United States",1779319620,1779319852,"library / album_detail",2025-05-02T18:00:39.373Z,NATURAL_END_OF_TRACK,2025-05-04T06:48:25.920Z,2025-05-04T06:48:25.976Z,2025-05-04T06:45:49.374Z,156686,156546,156546,AUDIO,0,4,0,626184
2025-04-23T10:59:09.759Z,Album,"Tate McRae - So Close To What","Tate McRae - Revolving door",false,"United States",1779319620,1779319626,"library / album_detail",2025-04-23T10:59:09.759Z,TRACK_SKIPPED_FORWARDS,2025-05-04T06:45:48.688Z,2025-05-04T06:45:48.862Z,2025-05-04T06:45:48.245Z,180076,180068,180068,AUDIO,0,10,7,764173
2025-05-02T17:49:22.141Z,Album,"Tate McRae - So Close To What","Tate McRae - Sports car",false,"United States",1779319620,1779319634,"library / album_detail",2025-05-02T17:49:22.141Z,TRACK_SKIPPED_FORWARDS,2025-05-04T06:45:47.774Z,2025-05-04T06:45:47.954Z,2025-05-04T06:45:47.036Z,165089,165089,165089,AUDIO,0,5,2,556398
2025-05-02T18:03:15.877Z,Album,"Tate McRae - So Close To What","Tate McRae - No I'm not in love",false,"United States",1779319620,1779319855,"library / album_detail",2025-05-02T18:03:15.877Z,TRACK_SKIPPED_FORWARDS,2025-05-04T06:45:46.538Z,2025-05-04T06:45:46.705Z,2025-05-04T06:45:45.717Z,170141,170141,170141,AUDIO,0,5,2,512396
2025-05-02T18:14:50.411Z,Album,"Tate McRae - So Close To What","Tate McRae - Miss possessive",false,"United States",1779319620,1779319622,"library / album_detail",2025-05-02T18:14:50.411Z,TRACK_SKIPPED_FORWARDS,2025-05-04T06:45:45.240Z,2025-05-04T06:45:45.407Z,2025-05-04T06:45:44.521Z,139142,139142,139162,AUDIO,0,5,2,539058
2025-05-02T18:11:46.946Z,Album,"Tate McRae - So Close To What","Tate McRae - Nostalgia",false,"United States",1779319620,1779319860,"library / album_detail",2025-05-02T18:11:46.946Z,TRACK_SKIPPED_FORWARDS,2025-05-04T06:45:44.084Z,2025-05-04T06:45:44.267Z,2025-05-04T06:45:43.490Z,183543,183543,183546,AUDIO,0,5,2,551730
2025-05-02T18:06:05.938Z,Album,"Tate McRae - So Close To What","Tate McRae - Means I care",false,"United States",1779319620,1779319856,"library / album_detail",2025-05-02T18:06:05.938Z,TRACK_SKIPPED_FORWARDS,2025-05-04T06:45:43.001Z,2025-05-04T06:45:43.167Z,2025-05-04T06:45:42.560Z,175936,175936,175944,AUDIO,0,4,1,528249
2025-05-02T17:43:04.208Z,Album,"Tate McRae - So Close To What","Tate McRae - Dear god",false,"United States",1779319620,1779319628,"library / album_detail",2025-05-02T17:43:04.208Z,TRACK_SKIPPED_FORWARDS,2025-05-04T06:45:42.080Z,2025-05-04T06:45:42.249Z,2025-05-04T06:45:38.883Z,171058,171055,171055,AUDIO,0,5,2,517172
2025-04-30T17:23:38.150Z,Album,"Tate McRae - So Close To What","Tate McRae - bloodonmyhands (feat. Flo Milli)",false,"United States",1779319620,1779319627,"library / album_detail",2025-04-30T17:23:38.150Z,NATURAL_END_OF_TRACK,2025-05-04T06:45:39.322Z,2025-05-04T06:45:39.349Z,2025-05-04T06:42:56.875Z,162447,162447,162447,AUDIO,0,7,3,807102
2025-05-02T18:09:01.829Z,Album,"Tate McRae - So Close To What","Tate McRae - Greenlight",false,"United States",1779319620,1779319857,"library / album_detail",2025-05-02T18:09:01.829Z,NATURAL_END_OF_TRACK,2025-05-04T06:42:56.936Z,2025-05-04T06:42:56.961Z,2025-05-04T06:40:11.798Z,165138,165138,165138,AUDIO,0,5,1,736838
2025-05-02T17:55:00.930Z,Album,"Tate McRae - So Close To What","Tate McRae - I know love (feat. The Kid LAROI)",false,"United States",1779319620,1779319850,"library / album_detail",2025-05-02T17:55:00.930Z,NATURAL_END_OF_TRACK,2025-05-04T06:40:12.159Z,2025-05-04T06:40:12.214Z,2025-05-04T06:37:35.936Z,156266,156266,156223,AUDIO,0,4,0,712508
2025-04-23T10:48:41.226Z,Playlist,N/A,"Drake - NOKIA",false,"United States","pl.f4d106fed2bd41149aaacabb233eb5eb",1796127375,"search / search_landing",2025-04-23T10:48:41.226Z,"MANUALLY_SELECTED_PLAYBACK_OF_A_DIFF_ITEM",2025-05-04T06:37:34.908Z,2025-05-04T06:37:35.378Z,2025-05-04T06:36:31.341Z,241023,241023,241023,AUDIO,0,11,3,2344849
2025-05-04T00:29:57.704Z,N/A,N/A,"Soulja Boy Tell 'Em - Turn My Swag On",false,"United States",N/A,1443711624,"search / search_landing",2025-05-04T00:29:57.704Z,"MANUALLY_SELECTED_PLAYBACK_OF_A_DIFF_ITEM",2025-05-04T00:33:29.688Z,2025-05-04T00:33:30.426Z,2025-05-04T00:33:23.151Z,206333,206333,206333,AUDIO,0,2,1,212870
2025-05-04T00:29:02.791Z,Playlist,"husbands❤️ ","Bad Bunny & JHAYCO - DÁKITI",false,"United States",256005641,1542103620,"library / playlist_detail",2025-05-04T00:29:02.791Z,TRACK_SKIPPED_FORWARDS,2025-05-04T00:29:31.492Z,2025-05-04T00:29:31.765Z,2025-05-04T00:29:02.791Z,28701,28701,204509,AUDIO,0,1,1,28701
2025-04-20T01:14:27.562Z,Playlist,"husbands❤️ ","Rauw Alejandro & Bad Bunny - Qué Pasaría...",false,"United States",256005641,1775462855,"library / playlist_detail",2025-04-20T01:14:27.562Z,TRACK_SKIPPED_FORWARDS,2025-05-04T00:29:02.073Z,2025-05-04T00:29:02.442Z,2025-05-04T00:28:55.323Z,191019,191019,191075,AUDIO,0,5,4,200643
2025-05-02T17:34:22.159Z,Playlist,"husbands❤️ ","Justin Bieber - E.T.A.",false,"United States",256005641,1496639770,"library / playlist_detail",2025-05-02T17:34:22.159Z,TRACK_SKIPPED_FORWARDS,2025-05-03T23:55:11.094Z,2025-05-03T23:55:11.458Z,2025-05-03T23:55:07.900Z,3194,3194,176797,AUDIO,0,2,2,4689
2025-04-28T14:49:11.216Z,Playlist,"husbands❤️ ","Dominic Fike - Politics & Violence",false,"United States",256005641,1521345538,"library / playlist_detail",2025-04-28T14:49:11.216Z,TRACK_SKIPPED_FORWARDS,2025-05-03T23:55:07.313Z,2025-05-03T23:55:07.643Z,2025-05-03T23:53:51.878Z,197847,197846,197846,AUDIO,0,3,2,274137
2025-04-28T15:01:52.603Z,Playlist,"husbands❤️ ","Rauw Alejandro - Todo De Ti",false,"United States",256005641,1596868387,"library / playlist_detail",2025-04-28T15:01:52.603Z,TRACK_SKIPPED_FORWARDS,2025-05-03T23:53:44.397Z,2025-05-03T23:53:44.673Z,2025-05-03T23:52:38.275Z,199648,162154,199604,AUDIO,0,2,1,265770
2025-05-03T23:19:32.012Z,Playlist,studious,"Vitamin String Quartet - Shape of You",false,"United States",256007697,1251609343,"library / playlist_detail",2025-05-03T23:19:32.012Z,"MANUALLY_SELECTED_PLAYBACK_OF_A_DIFF_ITEM",2025-05-03T23:52:37.052Z,2025-05-03T23:52:37.807Z,2025-05-03T23:52:32.594Z,7438,4458,235173,AUDIO,0,1,1,7438
2025-05-03T23:16:17.906Z,Playlist,studious,"Vitamin String Quartet - We Are Never Ever Getting Back Together",false,"United States",256007697,1695003916,"library / playlist_detail",2025-05-03T23:16:17.906Z,NATURAL_END_OF_TRACK,2025-05-03T23:19:32Z,2025-05-03T23:19:32.094Z,2025-05-03T23:16:17.906Z,194587,194094,194094,AUDIO,0,1,0,194094
2025-05-03T23:11:35.600Z,Playlist,studious,"Vitamin String Quartet - Dancing On My Own",false,"United States",256007697,1615473511,"library / playlist_detail",2025-05-03T23:11:35.600Z,NATURAL_END_OF_TRACK,2025-05-03T23:16:14.912Z,2025-05-03T23:16:16.397Z,2025-05-03T23:11:35.600Z,279312,279312,279312,AUDIO,0,1,0,279312
2025-05-03T23:10:38.344Z,Playlist,studious,"Shayne Orok - Kaikai Kitan (From ""Jujutsu Kaisen"")",false,"United States",256007697,1536681825,"library / playlist_detail",2025-05-03T23:10:38.344Z,TRACK_SKIPPED_FORWARDS,2025-05-03T23:11:35.073Z,2025-05-03T23:11:35.272Z,2025-05-03T23:10:38.344Z,56729,56729,88054,AUDIO,0,1,1,56729
2025-05-03T23:05:10.202Z,Playlist,studious,"Vitamin String Quartet - If I Ain't Got You",false,"United States",256007697,1686242088,"library / playlist_detail",2025-05-03T23:05:10.202Z,NATURAL_END_OF_TRACK,2025-05-03T23:10:40.876Z,2025-05-03T23:10:40.914Z,2025-05-03T23:07:06.876Z,214000,214000,214000,AUDIO,0,1,0,214000
2025-05-03T23:03:51.672Z,Playlist,"no ingles","ROSALÍA - DI MI NOMBRE (Cap.8: Éxtasis)",false,"United States",256007941,1436310399,"library / playlist_detail",2025-05-03T23:03:51.672Z,"MANUALLY_SELECTED_PLAYBACK_OF_A_DIFF_ITEM",2025-05-03T23:05:09.030Z,2025-05-03T23:05:10.365Z,2025-05-03T23:03:51.672Z,77358,77358,162376,AUDIO,0,1,1,77358
2025-05-03T23:03:29.262Z,Playlist,"no ingles","Carlinhos Brown - Meu Erê Adora (feat. Duda Lôbo & Maria Alice Xavier)",false,"United States",256007941,1773459784,"library / playlist_detail",2025-05-03T23:03:29.262Z,TRACK_SKIPPED_FORWARDS,2025-05-03T23:03:51.309Z,2025-05-03T23:03:51.516Z,2025-05-03T23:03:29.262Z,22047,22047,239876,AUDIO,0,1,1,22047
2025-05-03T23:02:17.123Z,Playlist,"no ingles","Ester Dean & Carlinhos Brown - Let Me Take You to Río (Blu's Arrival)",false,"United States",256007941,1445663041,"library / playlist_detail",2025-05-03T23:02:17.123Z,TRACK_SKIPPED_FORWARDS,2025-05-03T23:03:28.374Z,2025-05-03T23:03:28.572Z,2025-05-03T23:02:17.123Z,71251,71251,114226,AUDIO,0,1,1,71251
2025-05-01T21:13:19.403Z,Playlist,"no ingles","Kali Uchis, El Alfa & JT - Muñekita",false,"United States",256007941,1710860480,"library / playlist_detail",2025-05-01T21:13:19.403Z,TRACK_SKIPPED_FORWARDS,2025-05-03T23:02:16.640Z,2025-05-03T23:02:16.802Z,2025-05-03T23:02:16.281Z,201367,199812,219690,AUDIO,0,2,2,200844
2025-05-03T23:02:15.419Z,Playlist,"no ingles","Adolescent's Orquesta - Virgen",false,"United States",256007941,1582492911,"library / playlist_detail",2025-05-03T23:02:15.419Z,TRACK_SKIPPED_FORWARDS,2025-05-03T23:02:15.727Z,2025-05-03T23:02:15.935Z,2025-05-03T23:02:15.419Z,308,308,271751,AUDIO,0,1,1,308
2025-05-03T23:02:14.418Z,Playlist,"no ingles","ROSALÍA - PIENSO EN TU MIRÁ (Cap.3: Celos)",false,"United States",256007941,1436310376,"library / playlist_detail",2025-05-03T23:02:14.418Z,TRACK_SKIPPED_FORWARDS,2025-05-03T23:02:14.935Z,2025-05-03T23:02:15.114Z,2025-05-03T23:02:14.418Z,517,517,193767,AUDIO,0,1,1,517
2025-05-03T23:02:13.174Z,Playlist,"no ingles","Aya Nakamura - Djadja (feat. Maluma) [Remix]",false,"United States",256007941,1515962883,"library / playlist_detail",2025-05-03T23:02:13.174Z,TRACK_SKIPPED_FORWARDS,2025-05-03T23:02:13.924Z,2025-05-03T23:02:14.099Z,2025-05-03T23:02:13.174Z,750,750,166850,AUDIO,0,1,1,750
2025-05-03T22:59:58.679Z,Playlist,"no ingles","Aya Nakamura - Pookie",false,"United States",256007941,1439806293,"library / playlist_detail",2025-05-03T22:59:58.679Z,TRACK_SKIPPED_FORWARDS,2025-05-03T23:02:13.122Z,2025-05-03T23:02:13.312Z,2025-05-03T22:59:58.679Z,134443,134443,180840,AUDIO,0,1,1,134443
2025-05-03T22:59:41.395Z,Playlist,"no ingles","Carlinhos Brown & Mikael Mutti - Sapo Cai",false,"United States",256007941,1445663221,"library / playlist_detail",2025-05-03T22:59:41.395Z,TRACK_SKIPPED_FORWARDS,2025-05-03T22:59:57.872Z,2025-05-03T22:59:58.067Z,2025-05-03T22:59:41.395Z,16477,16477,166693,AUDIO,0,1,1,16477
2025-04-24T19:55:13.430Z,Playlist,"no ingles","Shakira - Hips Don't Lie (feat. Wyclef Jean)",false,"United States",256007941,155658510,"library / playlist_detail",2025-04-24T19:55:13.430Z,TRACK_SKIPPED_FORWARDS,2025-05-03T22:59:40.622Z,2025-05-03T22:59:40.861Z,2025-05-03T22:59:36.463Z,218141,218141,218141,AUDIO,0,5,3,441926
2025-05-03T22:54:26.393Z,Playlist,"no ingles","Becky G & Óscar Maydon - MERCEDES",false,"United States",256007941,1737828708,"library / playlist_detail",2025-05-03T22:54:26.393Z,TRACK_SKIPPED_FORWARDS,2025-05-03T22:56:30.096Z,2025-05-03T22:56:30.241Z,2025-05-03T22:54:26.393Z,123703,123703,168407,AUDIO,0,1,1,123703
2025-05-03T22:51:29.105Z,Playlist,"no ingles","Elvis Crespo - Suavemente",false,"United States",256007941,187429633,"library / playlist_detail",2025-05-03T22:51:29.105Z,TRACK_SKIPPED_FORWARDS,2025-05-03T22:54:25.370Z,2025-05-03T22:54:25.882Z,2025-05-03T22:53:57.259Z,144971,80712,267000,AUDIO,0,1,1,144971
2025-05-03T22:50:36.653Z,Playlist,"no ingles","ROSALÍA - QUE NO SALGA LA LUNA (Cap.2: Boda)",false,"United States",256007941,1436310308,"library / playlist_detail",2025-05-03T22:50:36.653Z,TRACK_SKIPPED_FORWARDS,2025-05-03T22:51:27.912Z,2025-05-03T22:51:28.096Z,2025-05-03T22:50:36.653Z,51259,51259,269539,AUDIO,0,1,1,51259
2025-05-01T19:17:06.952Z,Playlist,"Mostly R&B ","Jorja Smith - Little Things",false,"United States",256003857,1682552234,"library / playlist_detail",2025-05-01T19:17:06.952Z,OTHER,2025-05-03T22:03:02.721Z,2025-05-03T22:03:03.039Z,2025-05-03T22:00:21.552Z,161169,161169,204647,AUDIO,0,1,1,197262
2025-04-30T18:18:37.233Z,Playlist,"Mostly R&B ","Kiana Ledé & Kehlani - Ur Best Friend",false,"United States",256003857,1576603236,"library / playlist_detail",2025-04-30T18:18:37.233Z,NATURAL_END_OF_TRACK,2025-05-03T22:00:21.811Z,2025-05-03T22:00:21.847Z,2025-05-03T21:57:18.968Z,182858,182843,182843,AUDIO,0,2,1,361419
2025-05-01T19:17:43.523Z,Playlist,"Mostly R&B ","JoJo - Dissolve",false,"United States",256003857,1581856280,"library / playlist_detail",2025-05-01T19:17:43.523Z,TRACK_SKIPPED_FORWARDS,2025-05-03T21:57:19.204Z,2025-05-03T21:57:20.706Z,2025-05-03T21:57:18.524Z,680,680,211480,AUDIO,0,2,2,1114
2025-05-01T19:20:46.562Z,Playlist,"Mostly R&B ","Frank Ocean - Chanel",false,"United States",256003857,1214557446,"library / playlist_detail",2025-05-01T19:20:46.562Z,TRACK_SKIPPED_FORWARDS,2025-05-03T21:57:17.900Z,2025-05-03T21:57:19.162Z,2025-05-03T21:57:17.525Z,210285,210285,210285,AUDIO,0,2,1,210660
2025-05-03T21:55:31.474Z,Playlist,"Mostly R&B ","RAY BLK - My Hood (feat. Stormzy)",false,"United States",256003857,1164084003,"library / playlist_detail",2025-05-03T21:55:31.474Z,TRACK_SKIPPED_FORWARDS,2025-05-03T21:57:17.346Z,2025-05-03T21:57:17.543Z,2025-05-03T21:55:31.474Z,105872,105872,271956,AUDIO,0,1,1,105872
2025-05-03T21:54:00.805Z,Playlist,"Mostly R&B ","Genia - Give",false,"United States",256003857,1766803650,"library / playlist_detail",2025-05-03T21:54:00.805Z,TRACK_SKIPPED_FORWARDS,2025-05-03T21:55:30.219Z,2025-05-03T21:55:30.419Z,2025-05-03T21:54:00.805Z,89414,89414,137035,AUDIO,0,1,1,89414
2025-04-20T01:54:41.745Z,Playlist,"Mostly R&B ","USHER - Good Kisser",false,"United States",256003857,872156757,"library / playlist_detail",2025-04-20T01:54:41.745Z,TRACK_SKIPPED_FORWARDS,2025-05-03T21:54:00.342Z,2025-05-03T21:54:00.489Z,2025-05-03T21:50:17.701Z,249639,249639,249690,AUDIO,0,7,4,1490559
2025-05-03T21:46:32.059Z,Playlist,"Mostly R&B ","Kehlani - Piece Of Mind",false,"United States",256003857,1192537658,"library / playlist_detail",2025-05-03T21:46:32.059Z,NATURAL_END_OF_TRACK,2025-05-03T21:50:17.138Z,2025-05-03T21:54:00.489Z,2025-05-03T21:46:32.059Z,225080,225079,225079,AUDIO,0,1,0,225079
2025-04-30T18:55:05.233Z,Playlist,"Mostly R&B ","USHER - A-Town Girl (feat. Latto)",false,"United States",256003857,1732044251,"library / playlist_detail",2025-04-30T18:55:05.233Z,TRACK_SKIPPED_FORWARDS,2025-05-03T21:46:30.768Z,2025-05-03T21:46:30.914Z,2025-05-03T21:46:30.316Z,212575,212575,212633,AUDIO,0,3,2,321720
2025-05-03T21:46:29.514Z,Playlist,"Mostly R&B ","Alicia Creti - No Better (From The Netflix Film “Ultraman: Rising”)",false,"United States",256003857,1749410084,"library / playlist_detail",2025-05-03T21:46:29.514Z,TRACK_SKIPPED_FORWARDS,2025-05-03T21:46:29.865Z,2025-05-03T21:46:30.039Z,2025-05-03T21:46:29.514Z,351,351,182197,AUDIO,0,1,1,351
2025-05-03T21:46:28.868Z,Playlist,"Mostly R&B ","Alicia Creti - Pity Party",false,"United States",256003857,1726659255,"library / playlist_detail",2025-05-03T21:46:28.868Z,TRACK_SKIPPED_FORWARDS,2025-05-03T21:46:28.980Z,2025-05-03T21:46:29.197Z,2025-05-03T21:46:28.868Z,112,112,182706,AUDIO,0,1,1,112
2025-05-03T21:46:23.705Z,Playlist,"Mostly R&B ","Alicia Creti - Going Down",false,"United States",256003857,1726659234,"library / playlist_detail",2025-05-03T21:46:23.705Z,TRACK_SKIPPED_FORWARDS,2025-05-03T21:46:28.383Z,2025-05-03T21:46:28.626Z,2025-05-03T21:46:23.705Z,4678,4678,191667,AUDIO,0,1,1,4678
2025-05-01T10:32:37.633Z,Playlist,"Mostly R&B ","Tee Grizzley - IDGAF (feat. Chris Brown and Mariah the Scientist)",false,"United States",256003857,1702938614,"library / playlist_detail",2025-05-01T10:32:37.633Z,"MANUALLY_SELECTED_PLAYBACK_OF_A_DIFF_ITEM",2025-05-03T21:46:24.260Z,2025-05-03T21:46:24.541Z,2025-05-03T21:43:37.962Z,166298,166298,195064,AUDIO,0,2,2,330609
2025-04-30T19:00:52.361Z,Playlist,"Mostly R&B ","USHER - You Make Me Wanna...",false,"United States",256003857,278845473,"library / playlist_detail",2025-04-30T19:00:52.361Z,NATURAL_END_OF_TRACK,2025-05-03T21:43:57.955Z,2025-05-03T21:43:57.982Z,2025-05-03T21:40:18.792Z,219163,219163,219464,AUDIO,0,2,0,438286
2025-04-30T18:56:54.431Z,Playlist,"Mostly R&B ","USHER, Summer Walker & 21 Savage - Good Good",false,"United States",256003857,1732043802,"library / playlist_detail",2025-04-30T18:56:54.431Z,TRACK_SKIPPED_FORWARDS,2025-05-03T21:36:00.144Z,2025-05-03T21:37:10.301Z,2025-05-03T21:35:07.081Z,53063,53063,247504,AUDIO,0,2,2,55487
2025-05-03T20:59:01.405Z,Playlist,"dance party","Drake - God's Plan",false,"United States",256005381,1418213269,"library / playlist_detail",2025-05-03T20:59:01.405Z,OTHER,2025-05-03T21:00:01.251Z,2025-05-03T21:00:01.338Z,2025-05-03T20:59:01.405Z,59846,59846,198973,AUDIO,0,1,0,59846
2025-05-03T20:56:09.232Z,Playlist,"dance party","Ice Spice & Nicki Minaj - Princess Diana",false,"United States",256005381,1682185625,"library / playlist_detail",2025-05-03T20:56:09.232Z,NATURAL_END_OF_TRACK,2025-05-03T20:59:01.357Z,2025-05-03T20:59:01.456Z,2025-05-03T20:56:09.232Z,172125,172125,172483,AUDIO,0,1,0,172125
2025-04-25T23:20:27.012Z,Album,"Charli xcx - Brat and it’s completely different but also still brat","Charli xcx - So I",false,"United States",1767862943,1767863494,"library / album_detail",2025-04-25T23:20:27.012Z,"MANUALLY_SELECTED_PLAYBACK_OF_A_DIFF_ITEM",2025-05-03T20:43:06.475Z,2025-05-03T20:43:06.804Z,2025-05-03T20:41:58.357Z,172619,172618,211411,AUDIO,0,3,3,300502
2025-04-25T23:20:26.500Z,Album,"Charli xcx - Brat and it’s completely different but also still brat","Charli xcx - Rewind",false,"United States",1767862943,1767863493,"library / album_detail",2025-04-25T23:20:26.500Z,TRACK_SKIPPED_FORWARDS,2025-05-03T20:41:57.232Z,2025-05-03T20:41:57.517Z,2025-05-03T20:41:54.615Z,168507,168507,168444,AUDIO,0,4,2,441800
2025-04-25T23:20:25.894Z,Album,"Charli xcx - Brat and it’s completely different but also still brat","Charli xcx - Everything is romantic",false,"United States",1767862943,1767863491,"library / album_detail",2025-04-25T23:20:25.894Z,NATURAL_END_OF_TRACK,2025-05-03T16:23:04.968Z,2025-05-03T16:23:04.999Z,2025-05-03T16:19:41.439Z,203537,203537,203537,AUDIO,0,4,1,610748
2025-04-25T21:16:18.479Z,Album,"Charli xcx - Brat and it’s completely different but also still brat","Charli xcx - Von dutch",false,"United States",1767862943,1767863489,"library / album_detail",2025-04-25T21:16:18.479Z,NATURAL_END_OF_TRACK,2025-05-03T16:19:41.477Z,2025-05-03T16:19:41.537Z,2025-05-03T16:16:57.145Z,164342,164342,164342,AUDIO,0,4,1,538986
2025-05-03T16:13:46.298Z,Album,"Charli xcx - Brat and it’s completely different but also still brat","Charli xcx - Talk talk",false,"United States",1767862943,1767863488,"library / album_detail",2025-05-03T16:13:46.298Z,NATURAL_END_OF_TRACK,2025-05-03T16:16:57.523Z,2025-05-03T16:16:57.571Z,2025-05-03T16:15:50.103Z,161805,94385,161818,AUDIO,0,1,0,161805
2025-05-03T16:13:37.287Z,Album,"Charli xcx - Brat and it’s completely different but also still brat","Charli xcx - I might say something stupid",false,"United States",1767862943,1767863487,"library / album_detail",2025-05-03T16:13:37.287Z,TRACK_SKIPPED_FORWARDS,2025-05-03T16:13:45.869Z,2025-05-03T16:13:46.014Z,2025-05-03T16:13:37.287Z,8582,8582,109245,AUDIO,0,1,1,8582
2025-05-03T16:11:06.247Z,Album,"Charli xcx - Brat and it’s completely different but also still brat","Charli xcx - Sympathy is a knife",false,"United States",1767862943,1767863326,"library / album_detail",2025-05-03T16:11:06.247Z,NATURAL_END_OF_TRACK,2025-05-03T16:13:37.420Z,2025-05-03T16:13:37.453Z,2025-05-03T16:11:06.247Z,151173,151173,151178,AUDIO,0,1,0,151173
2025-05-03T16:01:51.549Z,Album,"Charli xcx - Brat and it’s completely different but also still brat","Charli xcx & Bon Iver - I think about it all the time featuring bon iver",false,"United States",1767862943,1767863302,"library / album_detail",2025-05-03T16:01:51.549Z,TRACK_SKIPPED_FORWARDS,2025-05-03T16:01:53.903Z,2025-05-03T16:01:54.149Z,2025-05-03T16:01:51.549Z,2354,2354,200101,AUDIO,0,1,1,2354
2025-05-03T15:56:22.780Z,Album,"Charli xcx - Brat and it’s completely different but also still brat","Charli xcx & Julian Casablancas - Mean girls featuring julian casablancas",false,"United States",1767862943,1767863301,"library / album_detail",2025-05-03T15:56:22.780Z,TRACK_SKIPPED_FORWARDS,2025-05-03T16:01:50.947Z,2025-05-03T16:01:51.130Z,2025-05-03T16:01:24.412Z,114884,87292,226748,AUDIO,0,1,1,114884
2025-04-30T18:31:58.285Z,Album,"Charli xcx - Brat and it’s completely different but also still brat","Charli xcx & Tinashe - B2b featuring tinashe",false,"United States",1767862943,1767863300,"library / album_detail",2025-04-30T18:31:58.285Z,NATURAL_END_OF_TRACK,2025-05-03T15:56:23.502Z,2025-05-03T15:56:23.534Z,2025-05-03T15:53:50.114Z,153388,153388,153450,AUDIO,0,2,1,304599
2025-05-03T15:53:48.496Z,Album,"Charli xcx - Brat and it’s completely different but also still brat","Charli xcx & The Japanese House - Apple featuring the japanese house",false,"United States",1767862943,1767863299,"library / album_detail",2025-05-03T15:53:48.496Z,TRACK_SKIPPED_FORWARDS,2025-05-03T15:53:49.378Z,2025-05-03T15:53:49.564Z,2025-05-03T15:53:48.496Z,882,882,157414,AUDIO,0,1,1,882
2025-05-03T15:53:47.144Z,Album,"Charli xcx - Brat and it’s completely different but also still brat","Charli xcx & Lorde - Girl, so confusing featuring lorde",false,"United States",1767862943,1767862968,"library / album_detail",2025-05-03T15:53:47.144Z,TRACK_SKIPPED_FORWARDS,2025-05-03T15:53:47.889Z,2025-05-03T15:53:48.075Z,2025-05-03T15:53:47.144Z,745,745,205987,AUDIO,0,1,1,745
2025-05-03T15:49:14.167Z,Album,"Charli xcx - Brat and it’s completely different but also still brat","Charli xcx & A. G. Cook - So I featuring a. g. cook",false,"United States",1767862943,1767862966,"library / album_detail",2025-05-03T15:49:14.167Z,TRACK_SKIPPED_FORWARDS,2025-05-03T15:53:46.639Z,2025-05-03T15:53:46.819Z,2025-05-03T15:49:14.167Z,272472,272472,279312,AUDIO,0,1,1,272472
2025-05-03T15:46:31.267Z,Album,"Charli xcx - Brat and it’s completely different but also still brat","Charli xcx & Bladee - Rewind featuring bladee",false,"United States",1767862943,1767862963,"library / album_detail",2025-05-03T15:46:31.267Z,NATURAL_END_OF_TRACK,2025-05-03T15:49:14.236Z,2025-05-03T15:49:14.266Z,2025-05-03T15:46:31.267Z,162969,162969,162974,AUDIO,0,1,0,162969
2025-05-03T15:40:29.977Z,Album,"Charli xcx - Brat and it’s completely different but also still brat","Charli xcx, Addison Rae & A. G. Cook - Von dutch a. g. cook remix featuring addison rae",false,"United States",1767862943,1767862954,"library / album_detail",2025-05-03T15:40:29.977Z,NATURAL_END_OF_TRACK,2025-05-03T15:43:07.353Z,2025-05-03T15:43:07.380Z,2025-05-03T15:40:29.977Z,157376,157376,157379,AUDIO,0,1,0,157376
2025-04-25T18:43:59.896Z,Album,"Charli xcx - Brat and it’s completely different but also still brat","Charli xcx & Troye Sivan - Talk talk featuring troye sivan",false,"United States",1767862943,1767862953,"library / album_detail",2025-04-25T18:43:59.896Z,NATURAL_END_OF_TRACK,2025-05-03T15:40:30.397Z,2025-05-03T15:40:30.422Z,2025-05-03T15:37:37.320Z,173086,173086,173134,AUDIO,0,5,2,648900
2025-05-03T15:34:58.609Z,Album,"Charli xcx - Brat and it’s completely different but also still brat","Charli xcx, The 1975 & Jon Hopkins - I might say something stupid featuring the 1975 & jon hopkins",false,"United States",1767862943,1767862952,"library / album_detail",2025-05-03T15:34:58.609Z,TRACK_SKIPPED_FORWARDS,2025-05-03T15:37:36.493Z,2025-05-03T15:37:36.732Z,2025-05-03T15:37:33.099Z,3394,3394,250617,AUDIO,0,2,2,3485
2025-05-03T15:34:57.451Z,Album,"Charli xcx - Brat and it’s completely different but also still brat","Charli xcx & Ariana Grande - Sympathy is a knife featuring ariana grande",false,"United States",1767862943,1767862948,"library / album_detail",2025-05-03T15:34:57.451Z,NATURAL_END_OF_TRACK,2025-05-03T15:37:33.581Z,2025-05-03T15:37:33.619Z,2025-05-03T15:34:59.454Z,154127,154127,154127,AUDIO,0,2,1,154666
2025-05-03T15:33:40.575Z,Album,"Charli xcx - Brat and it’s completely different but also still brat","Charli xcx & Bb trickz - Club classics featuring bb trickz",false,"United States",1767862943,1767862946,"library / album_detail",2025-05-03T15:33:40.575Z,TRACK_SKIPPED_FORWARDS,2025-05-03T15:34:56.875Z,2025-05-03T15:34:57.027Z,2025-05-03T15:33:40.575Z,76300,76300,174387,AUDIO,0,1,1,76300
2025-04-30T16:01:41.334Z,Album,"Charli xcx - Brat and it’s completely different but also still brat","Charli xcx, Robyn & Yung Lean - 360 featuring robyn & yung lean",false,"United States",1767862943,1767862944,"library / album_detail",2025-04-30T16:01:41.334Z,NATURAL_END_OF_TRACK,2025-05-03T15:33:41.066Z,2025-05-03T15:33:41.093Z,2025-05-03T15:31:31.304Z,129762,129762,129762,AUDIO,0,2,1,154634
2025-05-03T05:11:53.438Z,Album,"Bad Bunny - DeBÍ TiRAR MáS FOToS","Bad Bunny - KETU TeCRÉ",false,"United States",1787022393,1787023283,"library / album_detail",2025-05-03T05:11:53.438Z,"MANUALLY_SELECTED_PLAYBACK_OF_A_DIFF_ITEM",2025-05-03T05:12:00.581Z,2025-05-03T05:12:00.903Z,2025-05-03T05:11:53.438Z,7143,7143,250833,AUDIO,0,1,1,7143
2025-05-03T05:08:52.160Z,Album,"Bad Bunny - DeBÍ TiRAR MáS FOToS","Bad Bunny & RaiNao - PERFuMITO NUEVO",false,"United States",1787022393,1787022980,"library / album_detail",2025-05-03T05:08:52.160Z,TRACK_SKIPPED_FORWARDS,2025-05-03T05:11:51.929Z,2025-05-03T05:11:52.093Z,2025-05-03T05:08:52.160Z,179769,179769,200743,AUDIO,0,1,1,179769
2025-05-03T05:07:15.835Z,Album,"Bad Bunny - DeBÍ TiRAR MáS FOToS","Bad Bunny - TURiSTA",false,"United States",1787022393,1787023670,"library / album_detail",2025-05-03T05:07:15.835Z,TRACK_SKIPPED_FORWARDS,2025-05-03T05:07:16.670Z,2025-05-03T05:07:16.849Z,2025-05-03T05:07:15.835Z,835,835,190072,AUDIO,0,1,1,835
2025-05-03T05:05:52.686Z,Album,"Bad Bunny - DeBÍ TiRAR MáS FOToS","Bad Bunny - PIToRRO DE COCO",false,"United States",1787022393,1787023693,"library / album_detail",2025-05-03T05:05:52.686Z,TRACK_SKIPPED_FORWARDS,2025-05-03T05:07:15.339Z,2025-05-03T05:07:15.478Z,2025-05-03T05:05:52.686Z,82653,82653,206627,AUDIO,0,1,1,82653
2025-05-03T02:49:45.074Z,Album,"Bad Bunny - DeBÍ TiRAR MáS FOToS","Bad Bunny - BAILE INoLVIDABLE",false,"United States",1787022393,1787022842,"library / album_detail",2025-05-03T02:49:45.074Z,PLAYBACK_MANUALLY_PAUSED,2025-05-03T02:54:19.196Z,2025-05-03T02:54:19.253Z,2025-05-03T02:49:45.074Z,274122,274122,367775,AUDIO,0,1,0,274122
2025-05-03T02:48:30.537Z,Album,"Bad Bunny - DeBÍ TiRAR MáS FOToS","Bad Bunny - EoO",false,"United States",1787022393,1787023929,"library / album_detail",2025-05-03T02:48:30.537Z,TRACK_SKIPPED_FORWARDS,2025-05-03T02:49:44.162Z,2025-05-03T02:49:44.304Z,2025-05-03T02:48:30.537Z,112856,73625,204815,AUDIO,39231,1,1,73625
2025-05-03T02:48:22.436Z,Album,"Bad Bunny - DeBÍ TiRAR MáS FOToS","Bad Bunny - EL CLúB",false,"United States",1787022393,1787023008,"library / album_detail",2025-05-03T02:48:22.436Z,TRACK_SKIPPED_FORWARDS,2025-05-03T02:48:24.423Z,2025-05-03T02:48:24.601Z,2025-05-03T02:48:22.436Z,1987,1987,222603,AUDIO,0,1,1,1987
2025-05-03T02:48:04.582Z,Album,"Bad Bunny - DeBÍ TiRAR MáS FOToS","Bad Bunny, Omar Courtz & Dei V - VeLDÁ",false,"United States",1787022393,1787022999,"library / album_detail",2025-05-03T02:48:04.582Z,TRACK_SKIPPED_FORWARDS,2025-05-03T02:48:21.983Z,2025-05-03T02:48:22.187Z,2025-05-03T02:48:04.582Z,17401,17401,235395,AUDIO,0,1,1,17401
2025-05-03T02:48:03.583Z,Album,"Bad Bunny - DeBÍ TiRAR MáS FOToS","Bad Bunny - LA MuDANZA",false,"United States",1787022393,1787024161,"library / album_detail",2025-05-03T02:48:03.583Z,TRACK_SKIPPED_FORWARDS,2025-05-03T02:48:04.097Z,2025-05-03T02:48:04.294Z,2025-05-03T02:48:03.583Z,514,514,213058,AUDIO,0,1,1,514
2025-05-03T02:47:59.907Z,Album,"Bad Bunny - DeBÍ TiRAR MáS FOToS","Bad Bunny - KLOuFRENS",false,"United States",1787022393,1787023297,"library / album_detail",2025-05-03T02:47:59.907Z,TRACK_SKIPPED_FORWARDS,2025-05-03T02:48:03.094Z,2025-05-03T02:48:03.275Z,2025-05-03T02:47:59.907Z,3187,3187,199162,AUDIO,0,1,1,3187
2025-05-03T02:47:50.374Z,Album,"Bad Bunny - DeBÍ TiRAR MáS FOToS","Bad Bunny - LO QUE LE PASÓ A HAWAii",false,"United States",1787022393,1787023918,"library / album_detail",2025-05-03T02:47:50.374Z,TRACK_SKIPPED_FORWARDS,2025-05-03T02:47:59.431Z,2025-05-03T02:47:59.640Z,2025-05-03T02:47:50.374Z,9057,9057,229429,AUDIO,0,1,1,9057
2025-05-03T02:42:46.406Z,Album,"Bad Bunny - DeBÍ TiRAR MáS FOToS","Bad Bunny & Los Pleneros de la Cresta - CAFé CON RON",false,"United States",1787022393,1787023682,"library / album_detail",2025-05-03T02:42:46.406Z,TRACK_SKIPPED_FORWARDS,2025-05-03T02:43:53.179Z,2025-05-03T02:43:53.346Z,2025-05-03T02:42:46.406Z,66773,66773,228893,AUDIO,0,1,1,66773
2025-05-03T02:42:44.814Z,Album,"Bad Bunny - DeBÍ TiRAR MáS FOToS","Bad Bunny - VOY A LLeVARTE PA PR",false,"United States",1787022393,1787022587,"library / album_detail",2025-05-03T02:42:44.814Z,TRACK_SKIPPED_FORWARDS,2025-05-03T02:42:45.724Z,2025-05-03T02:42:47.463Z,2025-05-03T02:42:44.814Z,910,910,156412,AUDIO,0,1,1,910
2025-05-03T02:42:43.551Z,Album,"Bad Bunny - DeBÍ TiRAR MáS FOToS","Bad Bunny - BOKeTE",false,"United States",1787022393,1787023288,"library / album_detail",2025-05-03T02:42:43.551Z,TRACK_SKIPPED_FORWARDS,2025-05-03T02:42:45.839Z,2025-05-03T02:42:47.248Z,2025-05-03T02:42:43.551Z,2288,2288,215984,AUDIO,0,1,1,2288
2025-05-01T22:23:35.805Z,Playlist,"jim baddie","Cardi B - WAP (feat. Megan Thee Stallion)",false,"United States",256007685,1526746984,"library / playlist_detail",2025-05-01T22:23:35.805Z,OTHER,2025-05-01T23:30:34.746Z,2025-05-01T23:30:35.153Z,2025-05-01T23:30:34.031Z,12522,11808,187541,AUDIO,0,1,0,12523
2025-05-01T22:21:01.495Z,Playlist,"jim baddie","Tyler, The Creator - Balloon (feat. Doechii)",false,"United States",256007685,1776500466,"library / playlist_detail",2025-05-01T22:21:01.495Z,NATURAL_END_OF_TRACK,2025-05-01T22:23:35.756Z,2025-05-01T22:23:35.879Z,2025-05-01T22:21:01.495Z,154261,154261,154261,AUDIO,0,1,0,154261
2025-04-28T01:08:16.289Z,Playlist,"jim baddie","Megan Thee Stallion - Otaku Hot Girl",false,"United States",256007685,1752024387,"library / playlist_detail",2025-04-28T01:08:16.289Z,TRACK_SKIPPED_FORWARDS,2025-05-01T22:14:36.521Z,2025-05-01T22:14:36.704Z,2025-05-01T22:14:36.045Z,1016,1016,158965,AUDIO,0,2,2,1492
2025-04-30T17:55:06.850Z,Playlist,"jim baddie","Cardi B - Drip (feat. Migos)",false,"United States",256007685,1368156573,"library / playlist_detail",2025-04-30T17:55:06.850Z,TRACK_SKIPPED_FORWARDS,2025-05-01T22:14:35.608Z,2025-05-01T22:14:36.366Z,2025-05-01T22:14:35.429Z,118309,118309,262355,AUDIO,0,2,2,118488
2025-04-30T17:34:37.135Z,Playlist,"jim baddie","Doja Cat - Wet Vagina",false,"United States",256007685,1704921986,"library / playlist_detail",2025-04-30T17:34:37.135Z,TRACK_SKIPPED_FORWARDS,2025-05-01T22:14:34.856Z,2025-05-01T22:14:35.094Z,2025-05-01T22:14:34.659Z,557,557,192296,AUDIO,0,2,2,754
2025-05-01T22:14:33.896Z,Playlist,"jim baddie","City Girls - Pussy Talk (feat. Doja Cat)",false,"United States",256007685,1519551269,"library / playlist_detail",2025-05-01T22:14:33.896Z,TRACK_SKIPPED_FORWARDS,2025-05-01T22:14:34.174Z,2025-05-01T22:14:34.343Z,2025-05-01T22:14:33.896Z,278,278,218653,AUDIO,0,1,1,278
2025-05-01T22:14:20.247Z,Playlist,Girlies,"KATSEYE - Touch",false,"United States",256007681,1753359801,"library / playlist_detail",2025-05-01T22:14:20.247Z,"MANUALLY_SELECTED_PLAYBACK_OF_A_DIFF_ITEM",2025-05-01T22:14:31.442Z,2025-05-01T22:14:31.719Z,2025-05-01T22:14:20.247Z,11195,11195,129976,AUDIO,0,1,1,11195
2025-05-01T22:14:19.328Z,Playlist,Girlies,"Ariana Grande - Baby I (Live from London)",false,"United States",256007681,1726075485,"library / playlist_detail",2025-05-01T22:14:19.328Z,TRACK_SKIPPED_FORWARDS,2025-05-01T22:14:19.749Z,2025-05-01T22:14:19.885Z,2025-05-01T22:14:19.328Z,421,421,197379,AUDIO,0,1,1,421
2025-05-01T22:14:18.529Z,Playlist,Girlies,"Destiny's Child - Jumpin', Jumpin'",false,"United States",256007681,266809755,"library / playlist_detail",2025-05-01T22:14:18.529Z,TRACK_SKIPPED_FORWARDS,2025-05-01T22:14:18.844Z,2025-05-01T22:14:19.051Z,2025-05-01T22:14:18.529Z,315,315,230150,AUDIO,0,1,1,315
2025-05-01T10:51:01.413Z,Playlist,Girlies,"Olivia Rodrigo - obsessed",false,"United States",256007681,1736996063,"library / playlist_detail",2025-05-01T10:51:01.413Z,TRACK_SKIPPED_FORWARDS,2025-05-01T22:14:18.041Z,2025-05-01T22:14:18.206Z,2025-05-01T22:14:17.728Z,99089,93015,170587,AUDIO,0,2,2,99403
